CHR,BP,rsid,P,A1,A2,BETA,SE,A1FREQ,N,r2_1,r2_2,r2_3
14,260000,rsDemo101,0.42,A,G,0.010,0.050,0.34,50000,0.05,0.01,0.00
14,320000,rsDemo102,0.18,C,T,-0.020,0.045,0.41,50000,0.18,0.03,0.02
14,380000,rsDemo103,0.022,G,A,0.070,0.030,0.22,50000,0.35,0.08,0.04
14,440000,rsDemo104,0.004,T,C,0.110,0.028,0.18,50000,0.62,0.18,0.09
14,500000,rsDemo001,0.0000008,A,C,0.220,0.035,0.29,50000,1.00,0.30,0.16
14,545000,rsDemo002,0.000006,G,T,-0.190,0.038,0.36,50000,0.30,1.00,0.28
14,590000,rsDemo105,0.00045,C,G,0.150,0.041,0.47,50000,0.22,0.55,0.42
14,620000,rsDemo003,0.00002,T,A,0.180,0.039,0.25,50000,0.16,0.28,1.00
14,670000,rsDemo106,0.012,A,T,-0.090,0.033,0.31,50000,0.08,0.20,0.61
14,720000,rsDemo107,0.09,G,C,0.040,0.044,0.39,50000,0.03,0.10,0.31
14,780000,rsDemo108,0.55,C,A,-0.005,0.052,0.44,50000,0.00,0.04,0.12
